{"name":"t:sections.footer.name","type":"footer","sections":{"footer":{"type":"footer","blocks":{"ddb934af-f3f6-476f-b5e4-97541bdacda4":{"type":"image","settings":{"url":"https:\/\/www.instagram.com\/angelite_official\/","image":"shopify:\/\/shop_images\/instagram.png","image_width":50,"alignment":"center"}},"1e9d0093-703a-4f44-93ab-da84f8b2944b":{"type":"image","settings":{"url":"https:\/\/c2d6ab-2.myshopify.com\/","image":"shopify:\/\/shop_images\/footer.png","image_width":550,"alignment":"center"}},"image_bGW4RG":{"type":"image","settings":{"url":"","image":"shopify:\/\/shop_images\/14f708f07d0c8cc2bb5841c9e37c46ee.png","image_width":105,"alignment":"right"}},"9a9a8742-dc12-4924-821a-a0ecb0407ae5":{"type":"link_list","settings":{"heading":"","menu":"footer"}}},"block_order":["ddb934af-f3f6-476f-b5e4-97541bdacda4","1e9d0093-703a-4f44-93ab-da84f8b2944b","image_bGW4RG","9a9a8742-dc12-4924-821a-a0ecb0407ae5"],"settings":{"color_scheme":"background-1","newsletter_enable":false,"newsletter_heading":"","enable_follow_on_shop":false,"show_social":false,"enable_country_selector":false,"enable_language_selector":false,"payment_enable":false,"show_policy":false,"margin_top":40,"padding_top":40,"padding_bottom":40}}},"order":["footer"]}