{"name":"t:sections.header.name","type":"header","sections":{"7123e795-2d07-427b-92c0-a3df98113626":{"type":"announcement-bar","blocks":{"sections--20822461448470__7123e795-2d07-427b-92c0-a3df98113626-announcement-1":{"type":"announcement","settings":{"text":"全商品送料無料！","link":""}}},"block_order":["sections--20822461448470__7123e795-2d07-427b-92c0-a3df98113626-announcement-1"],"settings":{"color_scheme":"scheme-9693922c-a1f6-4035-8276-56a0d262897b","show_line_separator":true,"show_social":false,"auto_rotate":false,"change_slides_speed":10,"enable_country_selector":false,"enable_language_selector":false}},"header":{"type":"header","settings":{"logo_position":"middle-left","menu":"main-menu","menu_type_desktop":"mega","sticky_header_type":"on-scroll-up","show_line_separator":true,"color_scheme":"background-1","menu_color_scheme":"background-1","enable_country_selector":true,"enable_language_selector":true,"mobile_logo_position":"center","margin_bottom":0,"padding_top":20,"padding_bottom":20}}},"order":["7123e795-2d07-427b-92c0-a3df98113626","header"]}